element,description,lego_colour_id,lego_colour,bricklink_colour,ldraw_colour,qty,used_in
2456,Brick 2 x 6,1,White,White,15,4,torso 2; head 2
3001,Brick 2 x 4,1,White,White,15,5,torso 4; head 1
3002,Brick 2 x 3,1,White,White,15,19,torso 10; head 9
3003,Brick 2 x 2,1,White,White,15,2,head 2
3004,Brick 1 x 2,1,White,White,15,11,torso 11
3005,Brick 1 x 1,1,White,White,15,23,head 12; torso 11
3008,Brick 1 x 8,1,White,White,15,1,torso 1
3009,Brick 1 x 6,1,White,White,15,9,torso 5; head 4
3010,Brick 1 x 4,1,White,White,15,15,head 8; torso 7
3622,Brick 1 x 3,1,White,White,15,9,torso 7; head 2
6111,Brick 1 x 10,1,White,White,15,5,torso 3; head 2
6091,Brick 2 x 1 x 1 1/3 with Curved Top,1,White,White,15,1,details 1
2445,Plate 2 x 12,1,White,White,15,5,head 3; torso 2
3020,Plate 2 x 4,1,White,White,15,25,torso 13; head 11; lower-body 1
3021,Plate 2 x 3,1,White,White,15,80,head 42; torso 35; facial 3
3022,Plate 2 x 2,1,White,White,15,17,head 14; torso 3
3023,Plate 1 x 2,1,White,White,15,102,lower-body 40; head 32; torso 29; facial 1
3024,Plate 1 x 1,1,White,White,15,133,head 90; torso 35; lower-body 4; core 4
3029,Plate 4 x 12,1,White,White,15,3,core 2; head 1
3031,Plate 4 x 4,1,White,White,15,2,torso 1; head 1
3032,Plate 4 x 6,1,White,White,15,1,lower-body 1
3034,Plate 2 x 8,1,White,White,15,13,head 6; torso 5; lower-body 1; facial 1
3036,Plate 6 x 8,1,White,White,15,8,head 5; torso 2; facial 1
3460,Plate 1 x 8,1,White,White,15,11,head 8; torso 2; facial 1
3623,Plate 1 x 3,1,White,White,15,58,head 35; torso 21; lower-body 2
3666,Plate 1 x 6,1,White,White,15,16,head 8; torso 5; facial 3
3710,Plate 1 x 4,1,White,White,15,52,head 31; torso 20; lower-body 1
3794b,Plate 1 x 2 with 1 Centre Stud (jumper),1,White,White,15,1,beak 1
3795,Plate 2 x 6,1,White,White,15,31,head 16; torso 12; core 2; facial 1
3832,Plate 2 x 10,1,White,White,15,8,head 6; torso 1; facial 1
4477,Plate 1 x 10,1,White,White,15,11,head 7; torso 3; facial 1
11211,Brick 1 x 2 with Studs on Side,1,White,White,15,7,facial 6; details 1
30414,Brick 1 x 4 with Studs on Side,1,White,White,15,16,facial 16
2431,Tile 1 x 4,1,White,White,15,13,head 7; facial 4; lower-body 2
25269,Tile 1 x 1 Quarter Round,1,White,White,15,8,head 6; lower-body 2
3068b,Tile 2 x 2,1,White,White,15,9,lower-body 4; facial 4; head 1
3069b,Tile 1 x 2,1,White,White,15,32,head 21; facial 5; torso 4; lower-body 2
3070b,Tile 1 x 1,1,White,White,15,160,head 158; torso 2
4162,Tile 1 x 8,1,White,White,15,12,facial 8; lower-body 4
63864,Tile 1 x 3,1,White,White,15,3,head 3
6636,Tile 1 x 6,1,White,White,15,8,facial 6; lower-body 2
98138,Tile 1 x 1 Round,1,White,White,15,2,eyes 2
3001,Brick 2 x 4,208,Light Stone Grey,"Light Bluish Gray, Very",151,6,head 4; torso 2
3002,Brick 2 x 3,208,Light Stone Grey,"Light Bluish Gray, Very",151,3,torso 3
3003,Brick 2 x 2,208,Light Stone Grey,"Light Bluish Gray, Very",151,4,torso 4
3004,Brick 1 x 2,194,Medium Stone Grey,Light Bluish Gray,71,29,torso 16; head 13
3004,Brick 1 x 2,208,Light Stone Grey,"Light Bluish Gray, Very",151,7,torso 5; head 2
3005,Brick 1 x 1,208,Light Stone Grey,"Light Bluish Gray, Very",151,8,torso 4; head 4
3005,Brick 1 x 1,194,Medium Stone Grey,Light Bluish Gray,71,27,torso 15; head 12
3009,Brick 1 x 6,194,Medium Stone Grey,Light Bluish Gray,71,1,torso 1
3010,Brick 1 x 4,208,Light Stone Grey,"Light Bluish Gray, Very",151,3,torso 3
3010,Brick 1 x 4,194,Medium Stone Grey,Light Bluish Gray,71,9,torso 5; head 4
3622,Brick 1 x 3,208,Light Stone Grey,"Light Bluish Gray, Very",151,4,torso 4
3622,Brick 1 x 3,194,Medium Stone Grey,Light Bluish Gray,71,7,torso 5; head 2
6111,Brick 1 x 10,194,Medium Stone Grey,Light Bluish Gray,71,5,head 3; torso 2
11477,Slope Curved 2 x 1,191,Flame Yellowish Orange,Bright Light Orange,191,4,feet 4
3961,Dish 8 x 8 Inverted,191,Flame Yellowish Orange,Bright Light Orange,191,1,eyes 1
44375a,Dish 6 x 6 Inverted,191,Flame Yellowish Orange,Bright Light Orange,191,1,eyes 1
2445,Plate 2 x 12,194,Medium Stone Grey,Light Bluish Gray,71,1,head 1
3020,Plate 2 x 4,194,Medium Stone Grey,Light Bluish Gray,71,4,head 3; lower-body 1
3020,Plate 2 x 4,208,Light Stone Grey,"Light Bluish Gray, Very",151,7,torso 4; head 3
3021,Plate 2 x 3,208,Light Stone Grey,"Light Bluish Gray, Very",151,3,torso 3
3021,Plate 2 x 3,194,Medium Stone Grey,Light Bluish Gray,71,4,head 4
3022,Plate 2 x 2,208,Light Stone Grey,"Light Bluish Gray, Very",151,9,torso 9
3022,Plate 2 x 2,194,Medium Stone Grey,Light Bluish Gray,71,13,head 13
3022,Plate 2 x 2,191,Flame Yellowish Orange,Bright Light Orange,191,2,beak 2
3023,Plate 1 x 2,194,Medium Stone Grey,Light Bluish Gray,71,56,torso 32; head 23; lower-body 1
3023,Plate 1 x 2,208,Light Stone Grey,"Light Bluish Gray, Very",151,35,torso 24; head 8; core 3
3024,Plate 1 x 1,208,Light Stone Grey,"Light Bluish Gray, Very",151,22,head 16; torso 4; core 2
3024,Plate 1 x 1,194,Medium Stone Grey,Light Bluish Gray,71,88,head 68; torso 20
3031,Plate 4 x 4,194,Medium Stone Grey,Light Bluish Gray,71,1,lower-body 1
3034,Plate 2 x 8,191,Flame Yellowish Orange,Bright Light Orange,191,2,feet 2
3036,Plate 6 x 8,194,Medium Stone Grey,Light Bluish Gray,71,3,head 2; torso 1
3460,Plate 1 x 8,194,Medium Stone Grey,Light Bluish Gray,71,6,head 4; core 2
3623,Plate 1 x 3,194,Medium Stone Grey,Light Bluish Gray,71,23,head 15; torso 8
3623,Plate 1 x 3,208,Light Stone Grey,"Light Bluish Gray, Very",151,8,torso 6; head 2
3666,Plate 1 x 6,194,Medium Stone Grey,Light Bluish Gray,71,4,lower-body 3; torso 1
3666,Plate 1 x 6,208,Light Stone Grey,"Light Bluish Gray, Very",151,5,head 3; torso 2
3710,Plate 1 x 4,194,Medium Stone Grey,Light Bluish Gray,71,21,torso 10; head 8; lower-body 3
3710,Plate 1 x 4,208,Light Stone Grey,"Light Bluish Gray, Very",151,8,head 7; torso 1
3795,Plate 2 x 6,191,Flame Yellowish Orange,Bright Light Orange,191,2,feet 2
4477,Plate 1 x 10,194,Medium Stone Grey,Light Bluish Gray,71,1,head 1
87580,Plate 2 x 2 with 1 Centre Stud (jumper),28,Dark Green,Green,2,1,details 1
4032b,Plate 2 x 2 Round,191,Flame Yellowish Orange,Bright Light Orange,191,5,eyes 5
60474,Plate 4 x 4 Round with Hole,140,Earth Blue,Dark Blue,272,2,eyes 2
3403c01,Turntable 4 x 4 Square Base,199,Dark Stone Grey,Dark Bluish Gray,72,1,core 1
25269,Tile 1 x 1 Quarter Round,208,Light Stone Grey,"Light Bluish Gray, Very",151,10,head 10
25269,Tile 1 x 1 Quarter Round,140,Earth Blue,Dark Blue,272,4,eyes 4
27925,Tile 2 x 2 Round Corner,140,Earth Blue,Dark Blue,272,6,eyes 6
3068b,Tile 2 x 2,191,Flame Yellowish Orange,Bright Light Orange,191,1,beak 1
3068b,Tile 2 x 2,28,Dark Green,Green,2,1,details 1
3070b,Tile 1 x 1,208,Light Stone Grey,"Light Bluish Gray, Very",151,8,head 8
63864,Tile 1 x 3,208,Light Stone Grey,"Light Bluish Gray, Very",151,2,head 2
98138,Tile 1 x 1 Round,194,Medium Stone Grey,Light Bluish Gray,71,7,details 7
