BLItemNo,ElementId,LdrawId,PartName,BLColorId,LDrawColorId,ColorName,ColorCategory,Qty,Weight
2431,,2431.dat,Tile 1 x 4,1,15,White,Solid Colors,13,
2445,,2445.dat,Plate 2 x 12,1,15,White,Solid Colors,5,
2445,,2445.dat,Plate 2 x 12,86,71,Light Bluish Gray,Solid Colors,1,
2456,,2456.dat,Brick 2 x 6,1,15,White,Solid Colors,4,
3001,,3001.dat,Brick 2 x 4,1,15,White,Solid Colors,5,
3001,,3001.dat,Brick 2 x 4,99,151,Very Light Bluish Gray,Solid Colors,6,
3002,,3002.dat,Brick 2 x 3,1,15,White,Solid Colors,19,
3002,,3002.dat,Brick 2 x 3,99,151,Very Light Bluish Gray,Solid Colors,3,
3003,,3003.dat,Brick 2 x 2,1,15,White,Solid Colors,2,
3003,,3003.dat,Brick 2 x 2,99,151,Very Light Bluish Gray,Solid Colors,4,
3004,,3004.dat,Brick 1 x 2,1,15,White,Solid Colors,11,
3004,,3004.dat,Brick 1 x 2,86,71,Light Bluish Gray,Solid Colors,29,
3004,,3004.dat,Brick 1 x 2,99,151,Very Light Bluish Gray,Solid Colors,7,
3005,,3005.dat,Brick 1 x 1,1,15,White,Solid Colors,23,
3005,,3005.dat,Brick 1 x 1,86,71,Light Bluish Gray,Solid Colors,27,
3005,,3005.dat,Brick 1 x 1,99,151,Very Light Bluish Gray,Solid Colors,8,
3008,,3008.dat,Brick 1 x 8,1,15,White,Solid Colors,1,
3009,,3009.dat,Brick 1 x 6,1,15,White,Solid Colors,9,
3009,,3009.dat,Brick 1 x 6,86,71,Light Bluish Gray,Solid Colors,1,
3010,,3010.dat,Brick 1 x 4,1,15,White,Solid Colors,15,
3010,,3010.dat,Brick 1 x 4,86,71,Light Bluish Gray,Solid Colors,9,
3010,,3010.dat,Brick 1 x 4,99,151,Very Light Bluish Gray,Solid Colors,3,
3020,,3020.dat,Plate 2 x 4,1,15,White,Solid Colors,25,
3020,,3020.dat,Plate 2 x 4,86,71,Light Bluish Gray,Solid Colors,4,
3020,,3020.dat,Plate 2 x 4,99,151,Very Light Bluish Gray,Solid Colors,7,
3021,,3021.dat,Plate 2 x 3,1,15,White,Solid Colors,80,
3021,,3021.dat,Plate 2 x 3,86,71,Light Bluish Gray,Solid Colors,4,
3021,,3021.dat,Plate 2 x 3,99,151,Very Light Bluish Gray,Solid Colors,3,
3022,,3022.dat,Plate 2 x 2,1,15,White,Solid Colors,17,
3022,,3022.dat,Plate 2 x 2,86,71,Light Bluish Gray,Solid Colors,13,
3022,,3022.dat,Plate 2 x 2,99,151,Very Light Bluish Gray,Solid Colors,9,
3022,,3022.dat,Plate 2 x 2,110,191,Bright Light Orange,Solid Colors,2,
3023,,3023b.dat,Plate 1 x 2,1,15,White,Solid Colors,102,
3023,,3023b.dat,Plate 1 x 2,86,71,Light Bluish Gray,Solid Colors,56,
3023,,3023b.dat,Plate 1 x 2,99,151,Very Light Bluish Gray,Solid Colors,35,
3024,,3024.dat,Plate 1 x 1,1,15,White,Solid Colors,133,
3024,,3024.dat,Plate 1 x 1,86,71,Light Bluish Gray,Solid Colors,88,
3024,,3024.dat,Plate 1 x 1,99,151,Very Light Bluish Gray,Solid Colors,22,
3029,,3029.dat,Plate 4 x 12,1,15,White,Solid Colors,3,
3031,,3031.dat,Plate 4 x 4,1,15,White,Solid Colors,2,
3031,,3031.dat,Plate 4 x 4,86,71,Light Bluish Gray,Solid Colors,1,
3032,,3032.dat,Plate 4 x 6,1,15,White,Solid Colors,1,
3034,,3034.dat,Plate 2 x 8,1,15,White,Solid Colors,13,
3034,,3034.dat,Plate 2 x 8,110,191,Bright Light Orange,Solid Colors,2,
3036,,3036.dat,Plate 6 x 8,1,15,White,Solid Colors,8,
3036,,3036.dat,Plate 6 x 8,86,71,Light Bluish Gray,Solid Colors,3,
3068,,3068b.dat,Tile 2 x 2,1,15,White,Solid Colors,9,
3068,,3068b.dat,Tile 2 x 2,6,2,Green,Solid Colors,1,
3068,,3068b.dat,Tile 2 x 2,110,191,Bright Light Orange,Solid Colors,1,
3069,,3069b.dat,Tile 1 x 2,1,15,White,Solid Colors,32,
3070,,3070b.dat,Tile 1 x 1,1,15,White,Solid Colors,160,
3070,,3070b.dat,Tile 1 x 1,99,151,Very Light Bluish Gray,Solid Colors,8,
3460,,3460.dat,Plate 1 x 8,1,15,White,Solid Colors,11,
3460,,3460.dat,Plate 1 x 8,86,71,Light Bluish Gray,Solid Colors,6,
3622,,3622.dat,Brick 1 x 3,1,15,White,Solid Colors,9,
3622,,3622.dat,Brick 1 x 3,86,71,Light Bluish Gray,Solid Colors,7,
3622,,3622.dat,Brick 1 x 3,99,151,Very Light Bluish Gray,Solid Colors,4,
3623,,3623.dat,Plate 1 x 3,1,15,White,Solid Colors,58,
3623,,3623.dat,Plate 1 x 3,86,71,Light Bluish Gray,Solid Colors,23,
3623,,3623.dat,Plate 1 x 3,99,151,Very Light Bluish Gray,Solid Colors,8,
3666,,3666.dat,Plate 1 x 6,1,15,White,Solid Colors,16,
3666,,3666.dat,Plate 1 x 6,86,71,Light Bluish Gray,Solid Colors,4,
3666,,3666.dat,Plate 1 x 6,99,151,Very Light Bluish Gray,Solid Colors,5,
3710,,3710.dat,Plate 1 x 4,1,15,White,Solid Colors,52,
3710,,3710.dat,Plate 1 x 4,86,71,Light Bluish Gray,Solid Colors,21,
3710,,3710.dat,Plate 1 x 4,99,151,Very Light Bluish Gray,Solid Colors,8,
3795,,3795.dat,Plate 2 x 6,1,15,White,Solid Colors,31,
3795,,3795.dat,Plate 2 x 6,110,191,Bright Light Orange,Solid Colors,2,
3832,,3832.dat,Plate 2 x 10,1,15,White,Solid Colors,8,
3961,,3961.dat,Dish 8 x 8 Inverted (Radar),110,191,Bright Light Orange,Solid Colors,1,
4032,,4032b.dat,"Plate, Round 2 x 2 with Axle Hole",110,191,Bright Light Orange,Solid Colors,5,
4162,,4162.dat,Tile 1 x 8,1,15,White,Solid Colors,12,
4477,,4477.dat,Plate 1 x 10,1,15,White,Solid Colors,11,
4477,,4477.dat,Plate 1 x 10,86,71,Light Bluish Gray,Solid Colors,1,
6091,,6091.dat,"Slope, Curved 2 x 1 x 1 1/3 with Recessed Stud",1,15,White,Solid Colors,1,
6111,,6111.dat,Brick 1 x 10,1,15,White,Solid Colors,5,
6111,,6111.dat,Brick 1 x 10,86,71,Light Bluish Gray,Solid Colors,5,
6636,,6636.dat,Tile 1 x 6,1,15,White,Solid Colors,8,
11211,,11211.dat,"Brick, Modified 1 x 2 with Studs on 1 Side",1,15,White,Solid Colors,7,
11477,,11477.dat,"Slope, Curved 2 x 1 x 2/3",110,191,Bright Light Orange,Solid Colors,4,
15573,,15573.dat,"Plate, Modified 1 x 2 with 1 Stud with Groove and Bottom Stud Holder (Jumper)",1,15,White,Solid Colors,1,
25269,,25269.dat,"Tile, Round 1 x 1 Quarter",1,15,White,Solid Colors,8,
25269,,25269.dat,"Tile, Round 1 x 1 Quarter",63,272,Dark Blue,Solid Colors,4,
25269,,25269.dat,"Tile, Round 1 x 1 Quarter",99,151,Very Light Bluish Gray,Solid Colors,10,
27925,,27925.dat,"Tile, Round Corner 2 x 2 Macaroni",63,272,Dark Blue,Solid Colors,6,
30414,,30414.dat,"Brick, Modified 1 x 4 with Studs on 1 Side",1,15,White,Solid Colors,16,
60474,,60474.dat,"Plate, Round 4 x 4 with Hole",63,272,Dark Blue,Solid Colors,2,
63864,,63864.dat,Tile 1 x 3,1,15,White,Solid Colors,3,
63864,,63864.dat,Tile 1 x 3,99,151,Very Light Bluish Gray,Solid Colors,2,
87580,,87580.dat,"Plate, Modified 2 x 2 with Groove and 1 Stud in Center (Jumper)",6,2,Green,Solid Colors,1,
98138,,98138.dat,"Tile, Round 1 x 1",1,15,White,Solid Colors,2,
98138,,98138.dat,"Tile, Round 1 x 1",86,71,Light Bluish Gray,Solid Colors,7,
44375b,,44375b.dat,Dish 6 x 6 Inverted (Radar) - Solid Studs,110,191,Bright Light Orange,Solid Colors,1,
3403c01,,3403c01.dat,"Turntable 4 x 4 Square Base, Complete Assembly",85,72,Dark Bluish Gray,Solid Colors,1,
